number,relevance,text,
788,1,"Iâ€™m saying it should be 100% legal now. What possible justification is there for keeping it illegal? Cigarettes are highly addictive and hazardous to your health and theyâ€™re legal. Alcohol is legal despite the health and safety risks. For the record, I donâ€™t smoke pot and wouldnâ€™t even if it was legal. Iâ€™m just tired of seeing my tax dollars pissed away keeping pot illegal. The only people who benefit from keeping pot illegal are drug cartels.
",
867,1,"Can't recall any lies. DARE cops were perfectly nice. Now weed is everywhere in my state, so it didn't work. Some people really like weed.The pro weed folks are lying motherfuckers. They use cancer patients to get medical marijuana legalized.
",
10171,1,">This isn't. The Congress will always and forever have the authority to ban pot.A proponent of states' rights would say that they *shouldnt* do that, not that they *cant*. See any issue in which the GOP argues for states rights.
",
10332,1,"A republican congress will never decriminalize marijuana. Period. The republican party has moved farther to the right since W. The establishment Republicans have been in favor of it for a while now. Trump is doing everything they want him to do, except not look foolish.
",
23190,1,"I got that. But I don't know why? Sure you can argue making weed is pretty easy. True, very little to do apart from watering a plant. But you can't argue weed is as accessible as alcohol in our society. While easy enough to get, when I go to a reception they will offer me a glass of cava or something, not a joint (although an interesting concept on its own). That's a big difference. And yes, it's part of cultural heritage on a lot of places where that plant is native, but not over here. Plenty of tribes get exceptions from local drug laws because of this, but that doesn't make any more a part of our culture then drinking tea at 4. Which is, well, also not at a part of our local culture and traditions. Many cultures have banned alcohol from their society for cultural and religious reasons. But our priests simply liked their wine, Trappists and what not.> There are no economical reasons to justify the war on drugs either.Totally true. I'm totally opposed to that strategy to deal with drug related issues, like I said before.
",
24233,1,"Just because the people that make the laws want to smoke pot doesn't mean they want us to.
",
25559,1,"NYC has always been full of potheads. Legalizing it would make it easier for the druggies to get high. The folks who want to legalize pot are the same people that ponder societal problems on the internet. go figure!
",
27820,1,"Here comes the unpopular truth of the matter: **Just because the consumption of marijuana is now legal in California, doesn't mean cities have to allow it to be sold within their borders.** It's a fact. Let the illogical down votes begin.
",
32752,1,"Well Charlotte's Web is pretty much able to be shipped anywhere in the US right now because it's hemp, not marijuana. Even though both are cannabis, theyre legally separated as different so we can buy it. So just hop on over to their website (www.cwhemp.com) and have it shipped directly to your door. You've probably even got some stores nearby that sell it physically, and they have a store locator on their website for that. I personally really like it. This sub is weird about it because they're a major brand name and ""expensive"" but it works for a lot of people, and it's a clean, safe brand. The small bottles are expensive, yes, but anyone who is on it long term should buy the big Advanced 100ml anyways (which is what I recommend doing if you like it) because the price is brought down significantly per mg.It won't make you feel high at all. The THC is below 0.3% (which is what makes it hemp) so there's not enough for any high or stoned feelings.
",
38726,1,"The tax cuts were heavily one sided and actually fucked over anybody working in real estate that isnt already established. A wall is not going to stop illegal immigration. Increased border security is not going to stop illegal immigration. You can go over, around, and under a wall. It's not that hard. Also, increased border security is just going to clog up our judiciary system even more costing tax payers even more.I'm actually for States rights which includes marijuana *cough cough sessions. I think sanctuary cities are bad but again, you can't believe strongly in States rights and federal overreach at the same time Net neutrality was good for economic growth and innovation becuase it allowed for competition. Now cable monopolies have already started throttling. The second amendment is not just supported by republicans, that's a straw man based in no reality. A majority of Americans support the second amendment.He's dropped the ball in east Asia by pissing off south korea and Japan opening up the door for China to make better trade agreements with them while we miss out.He folded on Iran even though he said he was going to renegotiate the nuclear deal with them.He constantly shitted on Obama for playing golf and not working enough and Trump has statistically played almost twice as many games of golf as Obama in his first year as president as opposed to Obama. So let's add that he's a hypocrite.So let me ask you, why the fuck do you support him?
",
53013,1,"Yeah I think we're reading too much into it. MEPS just wants to make sure he isn't a weed smoker. As far as interviews for clearances, you list references, and those references have to provide references. I'm sure they do some digging, but it wouldn't make sense for it to be a witch Hunt. Just have good credit, no criminal history, and hopefully you've left behind a positive reputation. Again, He should tell the truth. It's the right thing to do, and he has done it recently enough that I wouldn't consider it ""the past."" I just want to be upfront with OP and say there is a chance that admitting to past drug use will delay his process or end it altogether.
",
54249,1,"You're the moron dude. I've been in weed stocks for 3 years now. I've made $1.2 million. These last few days have sucked, but this has happened multiple times before. We are going to bounce back again hard like we did before. What I'd be concerned with is the market after legalization, that's when the bubble could burst if it does.
",
54333,1,"There are a lot of people smoking pot in California and Colorado right this very moment. Why aren't they in jail? The law is the law after all.
",
60515,1,"Fun Fact: Oklahoma passed a law meant to decriminalize weed possession, but due to how the law was written it decriminalized all minor drug possession. It is essentially a misdemeanor ticket to carry small amount of meth, coke, etc. (even near schools)
",
63809,1,"So, I have an update on my family situation. To catch those who don't know, up to speed, I'll give a quick run down:I have 2 kids with a woman, and while she always had a bad temper, and acted beyond inappropriately when angered, it was actually a manageable situation, until the second trimester of the second pregnancy, that I fully realized how bad her mental state is. She has BPD, and did some horrible, horrible things to me when she was angry while pregnant, and got angry over the smallest things.I figured after the pregnancy was over, and any post pregnancy issues were gone, things would go back to normal. Nope, and in some ways she got worse; she would routinely scream at me in front of the children because she knew that that's the quickest way to piss me off. She also developed a bad drug habit, ""attempted"" suicide and/or threatened it a bunch, would force me to stay up when I would want to go to bed, to ""prove I loved her"", and was still occasionally physically abusive. I finally had enough and moved.I moved out on October 10th, and that was the last time she let me see them, and it was months before I got a reply from her, after I begged to see our daughter on her birthday.During this time, I was looking for work/waiting to get hired, and I contacted a lawyer to get my name on the birth certificates (long story, but she did me dirty on each of those situations), and to get partial custody, while gladly giving her child support payments*. The idea had been to keep us separate, and wait for her inevitable relapse, or crazy behavior, and eventually get full custody. Well, when we started talking again, I realized I didn't have the heart to do that, and briefly thought that maybe *this time*, after I've saved a lot of money from this job, and bought my own house up north, she'd take her therapy seriously, and we could live happily ever after. Well, it wasn't even a full week into us talking a bunch, before she snapped on me for not doing what she wanted. If you only respond to one part of this comment, please make it this next part:So, she had talked me into getting weed for her, and the plan was for her to come down, she could get her stuff, and we could spend the night together. The only issue was that her vehicle might not make the 4 hours south, and the 4 back, but she could get her mom's car and make it happen. Well, immediately following the 2nd/final interview with this company (I got hired, yaay), she drops a bomb: her mother said she wouldn't let Jamie drive the car, but *she* would drive the round trip to pick it up. Quick review: I haven't seen her or the kids since October, and we were gonna spend the evening together, discuss our situations and plans, and have sex (It's been since early October and I haven't had the urge to sleep with another woman besides her, since early 2014. I know it's been that long for her, and she'd been dropping some strong hints she was wanting to have sex). One thing I've learned about dealing with her BPD, is that if we spend considerable amounts of time apart, she gets paranoid about if I love her/what she's up to, and at the same time, if she were to come down, even for a night, that would buy me at least another month or two before she'd snap on me again. With all of that said, obviously there's not a snowball's chance in hell I would be cool with her mom coming here and picking up the weed. I told her as such, and she said that's what she figured, but we'd have to figure something out. Between the time I started up my car, and getting home, she snapped, because that was the only way she could get the weed quickly. She started saying that I was going to smoke it all (I *can't* and won't smoke weed at this point. I'm subject to random tests at any time going forward), that I didn't care about her, and she was going to quit talking to me for a month. I tried calming her down, but she was too far gone at this point. She ended up blocking me on Facebook (the only way we were able to communicate), and left me a bunch of random shit, mostly lies. So.... I had an epiphany on how to go forward from here. My two options were to suck up to her and work that way to get to see the kids, the other was the aforementioned lawyer method. Well, my epiphany was to do a little of both. I'm contacting a lawyer to get my name on the birth certificates, give her the child support she'd need (again, I've always paid for things, and it's literally impossible to give someone money when you can't contact them), and at worst, get a weekend with the kids a month. The thing about her has always been that if she *can* use anything and everything as leverage against me, she would. There's also no way in hell she could handle even a day without the kids, so, I would actually have leverage over her, because I told her in the past, that if she took me to court, that there's no way in hell she'd be allowed in my house when I had the kids. I know it sounds like a crazy gamble to think I could take her to court, to get my rights installed, but the few times I was able to dictate how things would go, she quickly learned how to play ball, because she'll never actually let me go. So, my plan is to contact the lawyer, spend some time with her, and delicately letting her know right before the lawyer gets ahold of her, that I'm making my rights as a parent official. She'll get pissed off, but will quickly calm down when I let her know that I'll allow her to come with the kids whenever they do, and that I'm not at all planning on being done with her/or use some of the crazy, documented shit I have, against her. I realized this is the best possible situation, because this will force her to respect me even when she's angry, and with me not wanting to be done with her, she'll have every bit of motivation to go to a therapist and take it seriously. Even if I'm wrong, that this is a bad idea, and she won't try to do anything, after I move up there, and we give the family life another try, only for her to just continue with her craziness, well at least I'll have done everything I could, to make it work, *and* I'll have already had one foot in the door with the legal system. Long as hell comment, I know, but just had to get this off my chest. It really sucks to not see her and the kids, but one way or another, that's about to change, and despite the situation and everything I've gone through with her, I'm genuinely happy/optimistic, I'm about to start working, so I won't have so much damn time on my hands, going forward. One last thing, about the weed situation:Whenever both she and I would smoke when we lived together, unless the kids were spending the night with her parents, only one of us would smoke, and it would be after both of them went to bed. She's currently living with her parents, so even when she would smoke, her parents (really just her father. Her mom smokes as well) will be sober in case one of the kids get up and need attention/affection in the middle of the night, or god forbid, need to go to the hospital. It's always been important for us that at least one of us was stone cold sober in case we had an emergency, and we both feel very strongly about never letting the kids see us intoxicated in any way, whatsoever. The reason for this clarification is that I don't want anyone to think that either of us are irresponsible with the kids; she always picked fights with me, but even with that, our main goal in life is to make sure that the kids are taken care of, appropriately *she's always accused me of never caring about her or the kids, but it was my money that paid for everything, and *she* was the one who would disappear for days on end when angry, with the only working car we had, so me and the kids were stuck at home)
",
64015,1,"They're slow, invasive, inefficient, and not just incompetent, but corrupt as well. There is not much redeeming about the TSA. [In testing, they failed to find 95% of prohibited items.](https://www.washingtontimes.com/news/2017/jul/6/tsa-failed-detect-95-percent-prohibited-items-minn/)http://abcnews.go.com/Blotter/convicted-tsa-officer-reveals-secrets-thefts-airports/story?id=17339513Read this report from Homeland Security to get a better idea of how terrible the TSA is:https://homeland.house.gov/wp-content/uploads/2016/07/TSA-Misconduct-Report.pdf>In 2015, three TSA Federal AirMarshals in Chicago, IL, wereaccused of hiring prostitutesand using government funds topay for hotels rooms to engagein sexual misconduct. >In December 2015, a TSA officerfrom Oakland International Airportwas charged by a federal grandjury for using her position tofacilitate drug smuggling throughthe security checkpoint. The officerallegedly smuggled over 100kilograms of marijuana over a twoyear period. >The number of misconduct allegations filed against TSA employees increased by 28.5%from fiscal year 2013 to 2015. In fiscal year 2015, TSA data shows that 17,627 allegationsof employee misconduct were filed compared with 13,722 in fiscal year 2013. This numberof allegations could be equivalent to one in every three TSA employees.
",
68508,1,"Agreed, but it DEFINITELY depends on your counselor... And clinic I guess.I have an*AWESOME* freaking counselor (everyone says he's the best at my clinic, which is small. Less than 150 patients, I think they have 4 counselors that split the load. I've met 3 others and everyone seems nice tbh)... He actually gives a shit about me and all of his patients. I've said this before but shit... When I go meet him for our monthly, we probably talk on average of ~35-45mins before he even gets on the computer and we get through the mandatory same ol bs pretty quick. But before that, he asks me about how things are going at my job/my relationship with my girlfriend/relationships with my parents and siblings/lots of talk about how probation is going (should actually be completing the ""*5 years*"" of probation in about 3 and a half if things go as planned ðŸ˜Š and then the 5th deg. possession felony drops to a misdemeanor thanks to the stay of imposition)/he makes sure I'm getting competent care from my psychiatrist and therapist and am actually getting something out of therapy. And somehow we usually end up talking MN sports for a bit too. He's a straight shooter, and will answer any questions I have that may be kind of grey area. After asking for my UA test results in the beginning of my time at this clinic (on paper) I noticed they don't even test for thc period. Which is odd here in MN. I've been behind people who most definitely just got done smoking on their way there waiting to check in and wondered... But I noticed they test for 25-30+ different substances and well, nothing thc related. Synthetic shit yeah, but no actual cannabis.So I asked him about it and he straight up told me it helps people as they're tapering down, although he's obviously not going to suggest I start smoking cannabis again after years and years. He also just told me straight up that If something happens and I ""fall"" and make a *mistake*... That I *CAN* tell him in confidence, and nothing will happen. If I get told I need to take a UA when they scan my card at check in (now at phase 7 the only REAL random UAs I'll have are bottle checks which might happen once a year, might happen 4-6 times I guess it's just up to their computer algorithm) and I know it'll be dirty, he always said it's best to be honest that day and just let them know what they might get back from the lab....but say for example someone just had a clean UA and then the week after, they shoot some dope or smoke some crack... *My counselor* specifically, I can't speak for any others, would rather have you tell him than say nothing. That way they can figure out if maybe your dose isn't taking care of cravings like it should, and raise it as needed. Idk he's been pretty open with me about stuff like that... He'd rather know and try to help than not know and not be able to do jack shit about it. And if it **is** because their dose is too low, it could just lead to more than one relapse and then continued use... Who knows. I've heard people in the queue openly talk about going to the clinic in the morning to get their 40mg dose that keeps the wd away and gives them a boost, and then they leave to go hustle and score some dope and get high. Every single day.I'm sure those people don't last very long because they obviously don't want help at all. It's crazy what people will say in that queue
",
68661,1,"Sorry, my bad, I'm really sleepy and it's been a long day.It applies to drugs that the federal government considers illegal. Cocaine is also one.The medical card isn't itself the problem, the problem is that it's considered proof you are a habitual user of marijuana.
",
72030,1,"Golden Girls are awesome, I would have taken that as a compliment.the last 3 shows I binged watched on Netflix was ... Drugs Inc, Captured, Weeds. I don't do drugs (except for prescribed) and I don't smoke weed (despite it being legal in my state). I am into true crime and weeds wasn't actually that much about weed.
",
78602,1,"I see lots of positives:- more people in the work force instead of jail- more tax revenue instead of money all going to dealers and going into infrastructure, schools, etc- more jobs. Entirely new industry for people to work in.- less time and tax payers money wasted on prosecuting people who use it.- less shady shit. Legal means it's under better controls. No lacing weed with other drugs.- a healthier alternative to cigarettes or alcohol to let people relax and destress with.
",
78658,1,"My personal experiences with pot smokers at my school have been mostly negative. Most of them have been incredibly unmotivated in school and act like delinquents in class. One usually arrived late and shouted out in class and was given detention several times from being caught smoking in various rooms.
",
79557,1,"I'm curious what's the actual best thing to do in this case./r/legaladvice 's default advice is to lawyer up and shut up. They'd probably say: ""tell them you will only answer questions with your lawyer present. I will show you my house only with a warrant. I invoke my 4th and 5th amendment rights.""You also essentially waived your right to 4th Amendment. Anything the FBI sees is evidence. They're there to check on your legal gunpowder but they see a pot plant growing in the corner, that's now evidence.However, by answering the way you did, that was probably the quickest and easiest resolution to the whole problem, making the legal route not necessarily the safest or easiest outcome
",
86646,1,"Unpopular opinion:Someone arrested for marijuana possession that then lies on their application shouldnâ€™t be an attorney. But, with that said, I wouldnâ€™t change anything but Iâ€™m not a C&F attorney so I canâ€™t help, sorry :(
",
87907,1,"Check out the â€œHigh Thereâ€ app for finding other cannabis enthusiasts wherever you live, legal or illegal state. I think itâ€™s pretty cool, and Iâ€™ve meet some very interesting people.
",
95039,1,"25 bucks worth of weed cost me 1000 bucks in legal fees, and another 1000 in court fees. It was some good weed though.
",
95936,1,"I dated a guy a lot like this. Actually he sounds like almost the exact same person. He was very smart, brilliant and charming and very good looking. When I met him, he was smoking a lot of pot, but didn't do anything else but soon after we started seeing each other he started using oxys. My ex actually claimed to be a psychopath on many occasions. He became very dark and moody. In the end I could not help him and after many incidents which nearly led to his arrest I finally got away from him. I am glad you got away from him before this could become weirder or darker than it already was.
",
116890,1,"I live in a country where weed is still illegal so idk how I'd be able to purchase a vaporiser
",
131495,1,"the same way gwb gets a pass by ""liberals"" on reddit anytime that sack of shit gets mentioned. reddit thinks being liberal is just wanting legal weed and free college.
",
135075,1,"So now the parents let someone in their home to make illegal weed butter with their kids still home? I'm confused? Which part if this is a remotely good idea?
",
138844,1,"""How does medical marijuana differ from recreational marijuana?While medical marijuana has some regulations in terms of formulation and dispensing, all forms of legal marijuana are required to meet specific standards for potency, concentration and purity. While recreational marijuana will also be subject to some regulations, it will contain less of the medicinal cannabidiol and more of the THC, which recreational marijuana users seek out for its euphoric effect. Clearly, these safeguards are not in place for illegally acquired marijuana.""That's not how its played out in Colorado, I wonder where the author got this information. In Colorado a dispensary will have a room where mother plants are maintained for cloning. Literally the only difference between cannabis destined for the counter on one side of the room labeled ""medical"" versus the other side of the room labeled ""recreational"" is the color of the tax tag attached to the stem. They are typically grown in exactly the same, optimized way, harvested and dried in exactly the same way and sold the same way. We can argue about the variability in cannabinoid and terpene distribution based on the crop produced because that does vary even with very nearly identical growing techniques but at least in Colorado the bud you buy at one counter is the same bud that you buy at the other counter.Also the assertion of causation by the author regarding cannabidiol as medicinal versus THC apparently being something different isn't based on the evidence. The entourage effect is likely playing a role in any perceived therapeutic benefit and anecdotally people make treatment decisions which result in treatment patterns that suggest THC is beneficial for some complaints while CBD is beneficial in others. Based on pharmacokinetics alone, when I see repeated dosing every three hours I think THC but when I see different patterns I think about a different pharmacokinetic profile. The authors points about kids being exposed is perfectly valid and I agree completely, same with driving.
",
145806,1,">According to one U.S. official, the California Guard has suggested assigning about 40 troops to marijuana eradication across the state.So they refuse to enforce the border but will instead go after weed?C'mon California, WTF? You have to be fed up with these Dem morons.
",
151086,1,"Yeah the question asker writes like a moron and makes the numbers hard to follow and the question responder fails to sort out the autism and botches the answer. The $3 price IS the 100 share contract price with the contract only being .03, which makes sense for something so far OTM. Additionally that .03 sits nice and snugly between the quoted break even and strike prices.Now I know nothing about CRON nor do I follow much on the weed scene, but I do know that there is a lot of anticipation for Canada to legalize weed around mid-summer and lots of that anticipation is baked into the current euphoria of the weed industry. Say this young debutante made this purchase and something were to go wrong in the legalization process from now til June/July ... well I reckon he might be in for a nice treat. A 10 bagger on $3 can buy a 10 bagger of skunk weed.
",
155256,1,"> not least of which is how to handle DUI since there's no way to test and no established limit yet.While I don't necessarily disagree, just for the sake of reference, apparently driving under the influence of marijuana is a lot safer than driving under the influence of alcohol - it's been a few years since I saw that study, though, since no one in the ""Weed is literally the only important thing, and let me tell you about it every five minutes"" crowd happens to be in my circle at the moment.Though, not having the study handy, I suspect that's probably excluding people who are massively high - though since that's not the standard use-case scenario, I'm not certain how much that matters. However much the standard user enjoys in a session (a brownie? A couple of joints? I honestly have no idea) is probably the more important metric, when compared to an average person's night at the bar (I also have no idea how much people need to get drunk, for that matter); comparing those two, I suspect marijuana is still safe*r*, though I have no idea if it would be reasonable to consider it safe. Though *that* said, marijuana is still widely used despite its legality, and I haven't heard about a big DUI problem with baked drivers - even if it can't easily be tested for, it's obvious enough when someone's high, even after an accident.Eh, just a few thoughts of mine on the matter; don't feel like you have to spend much time thinking about them, since I didn't either.
",
177040,1,"No I need blacks to do my labor for me. Thanks bud I exploited you.Edit: Looked at the article. I don't have time to look for other sources but assuming this is maintained by every study you can't conclude racism. Sure there is a disparity but to conclude that it's racist doctors faults is projecting what you want to believe on to the data. An example of this is found in the prosecution of possession of marijuana. Blacks are arrested far more often even though whites use marijuana just as much. At a glance I'm sure you would call racism.However most possession charges are made in investigating another crime. Because blacks commit far more crimes than whites they will be charged with possession more often.
",
184846,1,"I work at a megaproject where they are building a dam in the north, and they will still be piss testing for weed after legalization. By the sounds of it there will still be zero tolerance, and a piss test is only issued if an incident occurs. If you are found to have weed in your system, they will boot you off site for a year. Silly as it is. The lesson here for myself is, don't do anything stupid on site.
",
195641,1,"lol, I was fully expecting stop doing drugs of some sort ....Oh sorry, weed is just illegal, not drugs /s
",
196322,1,"Iâ€™m not sure if youâ€™re aware of what the GDPR is. The EU is not a sovereign nation, itâ€™s a union formed of some European countries. They cannot declare themselves emperor of the world, and they do not have a government in the sense that you are imagining.The GDPR is not an â€œevil lawâ€, itâ€™s one of the biggest victories for consumer rights in history. Iâ€™m not seeing the downside of companies being punished for privacy violations, and Iâ€™m definitely not seeing lawyers crying out against it.The EU also does not have borders. The countries within it have a freedom of movement agreement with other EU nations that applies to EU citizens. Borders are controlled by nations in the same way NAFTA doesnâ€™t control the US borders.Finally, the laws of the country you are selling in are entirely applicable to you, regardless of where your server is hosted. For example you can buy weed in Oregon but cannot legally ship it to Britain. This means that businesses must comply with EU regulations to be able to store the data of EU citizens.A further example of this is that Russia can pass a law allowing them to spy on their own citizens, but it would not give them the power to spy on Americans.What you wrote was quite vitriolic, and I hope you will find time to research European nations and laws with unbiased sources at some point.
",
196353,1,"There is no medical in Virginia. No med card or dispensaries. Hereâ€™s and article that you can read that tells you about our situation in Virginia. https://www.newsleader.com/story/news/2018/03/12/virginia-medical-marijuana-law-takes-effect/417918002/
",
221838,1,"Well, they're crossing their Ts and dotting their Is. People in SNFs aren't normally allowed to partake of drugs and alcohol, because those things may interact with prescription medications (and also pot may be illegal where they are). I guarantee you that person was a pain in the ass patient, and the facility was trying to create a paper trail to get them kicked out.At my last place, one elderly gentleman kept getting drunk and speeding around on his electric wheelchair. As you can imagine, that's every unsafe, for him and everyone around him. He ended up getting hammered one more time, went outside, took a curve in the parking lot too fast, flew off and hit his head. They called 911 and we refused to re-accept him when he recovered.
",
231016,1,"It's a pretty fundamental difference to the individual - in one, you would be punishing individuals for a change in social norms, whereas in the other, we as the society are simply not continuing to punish individuals as the norms become more tolerant.Distribution and criminal enterprise shows a different form of intent when compared to possession - and plea bargains are a negotiated deal that can end up cutting both ways, that's just how they work.Furthermore, this chance to truly ""decriminalize"" marijuana crime is a unique (one might even call it once-in-a-generation) opportunity to reverse what has been statistically proven to be a history of racist policing in Canada.
",
235137,1,"That will only be posted if Trump made weed legal.
",
243118,1,"My mom worked at a rehab clinic a long time ago, three interesting things she told me: most places will not help you quit nicotine, as it is so addictive and the time and money put in isnâ€™t worth it, and that if alcohol wasnâ€™t something that mankind has known about for thousands of years, aka if it was a â€œnew drugâ€, it would certainly not be legal, and that no one ever came in for marijuana rehab
",
243533,1,"OR we could pass laws that would increase revenue and create jobs, like legalizing gambling or marijuana, instead of adding a complicated tax on required services like auto repair, vet care, and laundry services which will only serve to hit the poor, creating a cycle of poverty - can't sustain a job without clean clothes and a lot of the time a car. If we aren't going to take measures to increase revenue in organic ways, added taxes should always be added solely to luxuries, i.e. cigarettes, alcohol, amusement parks, concert venues, etc.
",
244142,1,"Brief clarification: federal prosecutors are actually prohibited from using DoJ funds to ""prevent states from implementing their own medical marijuana laws"" by a rider attached to every appropriations bill since 2013 (i think it's section 538 of the omnibus act this year). Courts have interpreted as a prohibition on bringing federal charges against anyone who is in compliance with their state marijuana laws. That means if you're in possession of more than the legal limit, selling outside the legal channels (which includes selling at all in DC, for instance), running a grow op that's larger than your state statute allows, transporting outside the state (as state schemes need to leave room for Congress to regulate interstate commerce), etc., you can still be prosecuted. But if you're in strict compliance with your state laws and the Feds try to bring charges, you can file for an injunction against them.
",
253197,1,"Because legalized weed is so much worse than government sponsored homophobia, invading other nations and interfering in foreign elections...
",
254179,1,"Its just weed to most of us in the west, that doesnt mean it's just weed to people in Japan. The law sucks, but it's the law, so dont whine when caught.
",
270126,1,"Because marijuana isn't a hallucinogen ~~narcotic~~, it's not any more addictive than alcohol, and it's legal in this state.Edit: it's obviously a narcotic, I meant hallucinogen, and it's early.
",
274857,1,"Not really... between legal medical and Albuquerque decrim at this point there's not a huge black market, certainly not enough demand that we need to import dealers. There's a TON of Colorado ""legal"" weed that gets moved into the state, but it's brought in by people who have been doing since long before it was legal in Colorado... and they're mostly locals.
",
283370,1,"I went to a support group for fibromyalgia the other night. All the group members were learning about how to get their medical marijuana card because they are opening dispensaries in Ohio soon. They had a full segment on how to apply for the cards and everything. At my last appointment, my rheumatologist straight up offered to write a letter for me to bring to one of the weed doctors to get my card. It was awesome cause I was nervous to ask. He seemed pretty excited about it, actually.For myself and others, legalization is a big deal. I have only been living with this condition for a few months, but at this level of pain I can easily see how someone could get addicted to pain pills. Nothing touches this pain. I took two airplanes yesterday to get to my grandpa in time for his surgery, and when I got here I'd never been in so much pain in my life. There's nothing anyone can do for me (well, other than help me lift stuff lol), but weed really makes a difference [for others like me].Edited to finish thought.
",
284108,1,"Well I've made calls about apartments we all know have meth being trafficked in t and never see a police car, but then see a big press conference over the edibles. Worst case a kid eats one and is uncomfortable until they sleep it off. I get it's illegal but you're not saving anyone. Seriously how much more abuse have cannabis users taken in the last decade in the valley than meth users? It's been availability has been so limited to the sick up until recently but tweekers wonder through the street every day, some asking you if you want to buy some. The article itself said much of the bold robberies are committed on meth.
",
296332,1,"> but I do kinda doubt we'd have free government weed by now with a democrat in officeHi there, I'm a part of the liberal elite by both my profession and income. Let me explain what the plan there was:Clinton said she would reschedule to Schedule II. This means it technically is still banned. However, it also technically means it is considered a medicine. Case law suggests that it would be basically impossible for any state to ban something the federal government considers a medicine, and at that point it is up to the discretion of doctors, not politicians to set the criteria for its use for each patient. Therefore, it wouldn't really be banned at all. All 50 states could have proper ""medical"" dispensaries by now had we not fucked up so hard.In short, the elite thought this one through.....like we think most things through. Sorry it didn't come packaged pretty enough for people to want to take the deal.
",
299641,1,"I think it's also the kind of deal we will start seeing more and more as we continue to decriminalize marijuana.
",
306429,1,"Gotta fill the for profit prisons with them marijuana smokers.
",
318199,1,"[J. Cole - FRIENDS](https://youtu.be/2Tr94LDSPT8) Iâ€™ve had this song on repeat lately. I canâ€™t get it out of my head. I think J. Cole provides a poignant look at todayâ€™s attitudes about drug use. Heâ€™s presenting an unpopular opinion in todayâ€™s industry. I think society is overall looking for some form of escape through drug use and the increasing availability of legal marijuana. Reality sucks so letâ€™s just get high. Cole takes time to question this reliance on escapism, itâ€™s possible origins, and how ultimately it may be more toxic than it is helpful. I believe Coleâ€™s attitude towards this subject is just ahead of the curve so he comes off like the cocky older brother. No one likes being told the thing that makes them feel good can be damaging. Itâ€™s an attitude Iâ€™ve seen increasingly and itâ€™s nice to see artists like J. Cole bringing a mature mindset to the music.
",
325773,1,"Yeah, just like cannabis is outlawed most places. Nice logic, how far do you think that will take you? If you legitimately suffer from SAD, have no options for relocating or using other forms of technology to relieve it, then yes, you can certainly outweigh the risks/benefits of using a tanning bed. I'm not saying tanning beds are harmless, neither is the sun. Everything in balance- and SAD isn't balance.
",
325943,1,"I did, there isnâ€™t any actual information in the full article. Itâ€™s all feelings and the classic â€œbut if we do something thatâ€™s not perfect we wonâ€™t be motivated to ever work on it again!â€ line that industry shills put forward to try to build irrational opposition to good legislation. The tobacco and alcohol lobbies did the same thing against cannabis legalization, the health insurance lobbies have been doing the same thing against health care legislation. Itâ€™s jacket and transparent to anybody that asks the question â€œok but why?â€ or â€œwhat actual data supports your appeal to emotion?â€
",
330663,1,">BECAUSE IT'S HIS FUCKING JOB TO ENFORCE THE LAW, EVEN THE UNPOPULAR ONES.I meant what's the point of SPECIFICALLY enforcing a law that is IMMENSELY unpopular and easily proven morally unjust? Why not stick to laws that, you know, make more sense? Like why didn't he make a task force to stop speeding? Or drunk driving? Or why didn't he make a task force to crack down on opiate dealers? Why pot?I'm not answering each of your points because you just said the same thing 4 times. And to answer your last question:The best way for a president to change the law would be to sign an executive order. Trump did that plenty, doesn't seem like much an issue for him.
",
332000,1,"Because n-va and friends are more liberal. That means they want less state, less taxes. Why then would they want more money for police? The best BDW came up with was ""police volunteers"". If there is crime, or if we are more afraid of crime, parties like n-va gets more votes. Why would they want to change that?BDW also wants repression, which has been proven not to work. Example: fines of 75 euros for possession of cannabis.
",
332401,1,"> Where's the $5B in cash? In their bank. https://business.financialpost.com/cannabis/constellation-brands-spending-5-billion-to-increase-stake-in-canopy-growth > Constellation Brands Inc., which for seven decades has made its money off beer, wine and whiskey, sees its future in a marijuana leaf.> In the biggest (legal) cannabis deal, the Victor, New York-based beverage company will spend about $5 billion (US$3.8 billion) to boost its stake in Canadian grower Canopy Growth Corp., betting legalization will gain traction around the world and especially in the U.S. This happened 3 weeks ago. If you are looking at data from their last quarter you won't see it.
",
335878,1,"Awesome. Congratulations to him and common sense reform to prohibition of cannabis in Florida. Great for stockholders. Great for ailing elderly in Florida who could someday soon have access to a plant instead of poisons.
",
343433,1,"Advil hasnâ€™t seemed to help even when I took it at a prescribed does :( sadly cannabis isnâ€™t legal here so thatâ€™s not an option either
",
356529,1,"Here in Chicago I know a couple guys who are ""gangsters"" of a sort. They hang around Devon. One of these dudes was the son of some ruthless gang leader back in India, but here they just do some minor racketeering and drug (mostly weed) dealing.Only two have them have ever done major jail time, and one was just for skipping out on child support. They talk a big game though
",
356832,1,"they have been in the game for a long time, reputable brand, actually making money, great assets, and if cbd hemp goes legal at the end of this september it will blow up.
",
360838,1,"This is so fucking sad to see. I mean, one person down is heartbreaking enough, but I've been seeing lots of posts featuring either multiple people completely losing their minds, or totally overdosing, laying on the ground.If these people just had access to $6 a gram killer weed like in legal states, there'd be so much less of this.
",
373692,1,"So.....what paradigm shiftey repercussions are you envisioning, as a result of Canada making pot more well-regulated?No more poverty? Unemployment reduced to zero? World peace?
",
382047,1,"Places like New York are actually further behind some of what you'd might consider more conservative states. Legal weed in NY State is held behind upstate conservative interests, of course, but a big-blue machine that wants to figure out a way to get its cut before legalizing anything.
",
384483,1,">103 is a measure about, on the surface, banning grocery taxes as a oregon constitutional amendment.I'm kind of confused on this one, doesn't Oregon already not have sales tax except for luxury items such as beer, cigarettes, and weed? I'm personally very happy with luxury taxes and very happy with no sales tax on goods like groceries.
",
402648,1,"There's a huge difference between legally prescribed adderall and illegally produced amphetamine. There's a huge difference between pharmaceutical grade oxy and street heroin. Fent made in a clandestine lab is often less pure because it is made by poorly trained chemists and/or cut to hell by dealers trying to turn a bigger profit. Every illicit chemical sold recreationally suffers from this problem btw. You say fent made in a sketchy black market lab is dangerous. What drug is that not true of? What drug is not purer when you get it from a real pharmacy? Genuinely, I'm not trying to be a douchebag, why do you think fent is worse than any other illicit opiate? Or any other illicit drug at all, for that matter? Because it's more potent than other opiates, and used as a cut that can be really dangerous? There have been cases of coke cut with meth. Meth is way stronger than coke. Cutting coke with meth is sketchy and dangerous, but it doesn't mean the media hysteria about meth is true.I call the reaction to fentanyl hysteria, not because fentanyl is safe, but because downers are fucking dangerous in general but everyone points their finger at fentanyl as the biggest, baddest bringer of death, forgetting that heroin (and crack, meth, and even weed if you go far back enough) got the same fucking treatment not too long ago. Everyone loses their fucking shit over some drug for a decade, then we pick a new drug to freak out about, wash, rinse, repeat. I would bet money that by the year 2020, the drug du jour to vilify will be benzodiazapines. I read that about half of all the opiate overdoses in 2015 involved a benzo. Fucking nobody is talking about that the same way they talk about fentanyl right now.TL:DR- People say the same old shit about a new drug every ten years. Drug ""epidemics"" are hyped up media scare mongering based on FUD not facts.
",
408625,1,"How trustworthy is any weed pedigree? It's not like there are kennel clubs that regulate strains like dog breeds.
",
409629,1,"Yep, let's legalize weed, it's so progressive. While we are at it, let's also legalize heroin, cocaine, sell anthrax at drug stores and human trafficking as well.
",
419070,1,"As an actual Canadian who's bought pot let me just say this was one of my first thoughts, even if you only buy 1 g it comes in this utterly ridiculous plastic pill bottle that could probably hold 7x as much. Then it is packaged in not one but two pieces of cardboard. It's fucking disgusting, but to top that off the only thing that makes it legal or what the fuck ever is this dumb little sticker that is the exact same as the one on a smoke pack. It's like 5cm by 3, and other than that the only other security thing is a paper cover in the pill jar. The liberal (ie right wing bastard in this country) cunt that thought of this should be in jail, in Canada we're calling this recriminalization not legalization because of all these dumb rules. Americans and the general internet don't have a clue what's been happening here and a lot of pot smokers aren't happy about ""legalization"" because that's not what the way the law was written, it's legalization for giant corporations and more intense criminalization for anyone else.
",
425222,1,"And his ugly little baldish head always reminds me of snapping turtles. Cant trust them either. (Rant) the sad reality is that the republican party has been taken over by crazy evangelicals whose rhetoric is just insane and the democrats have been taken over by equally crazy progressives who think it would be great if we just had open borders and no homeland security. The problem is that most people actually fall in the middle. There is no middle rite now. I believe lgbtqwe... should have the same rights anybody else, marijuana should be legal, do i want 7k refugees from Honduras camped out in my suburban back yard? Fuck no. They sure are not gonna end up in barack n hillarys back yards but they could end up in mine or yours. We need a legit 3rd party that actually represents how most people feel.
",
426721,1,"Iâ€™m American but have lived in Scotland before, can confirm you guys are wild. Kids that are 11 are outside smoking cigs on the street, people definitely under the age of 18 smoking weed. Does law enforcement just not care or what?
",
440106,1,"But they'll come around. They always do. They just have to hem and haw about it.http://www.nhpr.org/post/final-marijuana-legalization-report-blueprint-potential-nh-legislation#stream/0I think NH is more similar to its neighbors than it is to the rest of the country though.Like if we ran an ANOVA or a clustering analysis NH may be a New England outlier but I think they'd clade out with New England.I cant imagine them getting along better with like Pennsylvania or anywhere in the south.
",
441985,1,"I'm on multiple medications for anxiety and have no desire to see how weed mixes with them in my brain. Additionally, I have a shitty ex-husband who is more interested in punishing me for leaving him than co-parenting our son peacefully. Weed is illegal in my state and he would absolutely start a court battle if he even thought I was thinking of smoking.My son is more important to me than any goddamn plant, and always will be. People who try to convince me to try it show me that their goddamn weed is more important to them than they think my child is to me. Fuck that noise.
",
457425,1,"Or just keep relying on the better product from here. If the legal dispensary weed is the same quality as the ocs quality then I won't be budging from my source
",
462719,1,"All cannabis legalization has done is make pot lower quality and more expensive. And made it more likely cops will ticket you for smoking pot. And allows them to do these bullshit roadside ""are you high"" tests that are totally based on the judgement of the officer.It sucks. It was better when it was illegal.
",
474469,1,"i think tekashi at most before he was a famous rapper, was selling small bags of pot and some pharma here n there, and a lil heron. he was clearly broke and doin petty crime just to get by.. barely. u know that dude from ur high school blasting rap music thinking hes the shit, wilin out.. tekashi was prob just the same but in bushwick. i guesss that /streetwear pic really got to his head so he pushed the rap thing and it worked which is great
",
487403,1,">People being forced to move due to climate change is only going to get worse which already strains relationships between cultures. The problem is that poor people use *any* excuse to move to richer countries. The prime example is Central America, where people justifiably flee instability, but somehow choose culturally distant US, instead of, say, Uruguay, a country of high quality of life, decent wages (on the level of Eastern Europe), legal pot, and most importantly, same language. But no, many pretend to escape problems just to get into US. (Source: I attempted this.)
",
490397,1,"> Limits the authorized forms of medical marijuana consumption to a capsule, chewable or dissolvable gelatin cube, concentrated oil, liquid suspension, skin patch, sublingual pill, or in limited circumstances, a resin or wax.It seems to me that all theyâ€™ve done is legalized THC and not Marijuana. You canâ€™t smoke any of these legal forms unless vaping is considered smoking. The relief provided by smoking is not the same as putting on a patch.
",
499292,1,"Blockchain ledger records are immutable, or unchanging. Their transparency would therefore be perfect for financial institutions looking to audit cannabis companies, as well as government institutions looking to properly tax marijuana businesses and regulate the industry.
",
503413,1,"No issue as long as not bringing anything back, and is a citizen of the country he is returning to. I'm referring more to entering Canada with these plans. Stating an intent to visit an illegal cannabis store could bar entry. Yes in this case he's already here, but for subsequent trips.
",
509445,1,"the first few nights suck but as others have suggested melatonin, and i also use podcasts like Sleepy to read me bedtime stories. makes it surprisingly easy. CBD might also help. if youâ€™re finding you really cannot sleep, have unrestful sleep, or wake up more than once a night you should consider seeing your pcp and maybe get on some more heavy duty sleep aids. sleep is crazy important bro, and a good nights rest makes all the difference the next day. edit: i just reread your post. if your sleep is really that bad i would skip all this advice and go to your primary care doctor. be honest with them and tell them youâ€™ve been using weed, unless you are a danger to yourself or others they cannot tell law enforcement because of HIPAA regulations.
",
511927,1,"Fantino compared weed to murder. Said legalization would endanger families and children
",
516938,1,"Your post resonates with me. I too was once in a cult. My husband and I were part of the apostolic Pentecostal Church for 15 years and left 4.5 years ago. The first â€œworldlyâ€ thing I did when I got out was smoked. That led to me working on a campaign in my state for legal marijuana because I saw how BS it was that it was illegal. Congrats on taking the huge step in leaving and enjoy your new life. I know it takes a lot of guts to leave!
",
526202,1,"Your right to be worried but things are also much different now in the world of drugs. He also has 20 years of sobriety under his belt that will help him make better decisions this time around. The biggest part of rehab is learning how to live without the drugs doing day to day tasks, so being that he made it so long, it tends to be easier. On the flip side... alcohol and hard drugs are two different animals and they treat them both different. So if he is switching to alcohol now, the same things he learned before will not work, triggers will be much different as well. Keep in mind the legal pot states are not just free hand outs...(kind of, thereâ€™s usually lots of free edibles). But itâ€™s all pretty regulated, some states and doctors require continued drug testing to insure they are not abusing other drugs while on weed and if they turn up positive, they pull the prescription. Keeping in mind that heâ€™s a ex-addict, they will also watch him much closer and perhaps have him go through extra steps.What can you do? Be 100% honest and upfront with him. If he starts using again it will crush you and you will disown him for life, no going back. Donâ€™t hold back either, this is the part where they need to make those decisions, substance abuse or friends or family. You could also go to an AA meeting with him. They have them all over, almost every city has a chapter, some really small some big. They usually cost nothing or 2$, in my area they ask for 2$ if you have it, if not your still welcome. You donâ€™t have to speak, he doesnâ€™t have to speak, when they go around the room you can tell your story or just say pass. Good luck.
",
38556,0,"> College is supposed to be about learning how to learn, how to think analytically.No, that is middle school and part of high school at best. Learning to think in college is the biggest waste of time and why most people don't consider college to be valuable anymore. We only go these days because jobs discriminate against people without degrees.>An opportunity To improve yourself as a person.You can do that for free living at home. No need to waste 100 grand.> Too many people are like you, and treat it as a waste of time that's required to get a good job. You're what's devaluing degrees, not ""worthless"" majors.Very few people are like you. Dinosaurs like you are dying off as more and more people realize how terrible college really is. You pay so much money and barely gain any kind of skills.The skills technical or science majors give you in college could easily be condensed into a 6 month trade program. Then you have some majors that are actually good, but force you to get an unrelated 4 year undergrad degree first. Pharmacists, lawyers, doctors, etc. They don't need 4 year undergrad degrees. Sadly its basically used to just weed candidates out for med school or law school or pharmacy school.College is largely shit. The closest to being worth it is engineering, but even then they can cut out the gen ed classes and offer 2-3 year engineering degrees that would be much better than the current degrees.Well roundedness is high school, repeating high school in college is a waste of time and money.
",
48960,0,"Depende, quem Ã© que estÃ¡ a pagar pela tua erva: tu ou o teu pai?Se Ã© o teu pai, entÃ£o ele tem o direito a ter a sua opiniÃ£o e decidir o que fazer com o dinheiro dele. Se Ã©s tu, entÃ£o nÃ£o tem nada a ver com isso. Eu fui adolescente, nunca fumei erva, ou bebi ou fumei tabaco e a minha media sempre se manteve alta, porque nÃ£o tinha dinheiro para gastar nessas coisas e sabia que vindo de uma famÃ­lia pobre a Ãºnica soluÃ§Ã£o que tinha para melhorar a minha vida era estudar. Queres fumar fuma, precisas que todo o resto da sociedade fume tambÃ©m para te sentires bem contigo prÃ³prio?Sou a favor da legalizaÃ§Ã£o simplesmente porque estou-me nas tintas para o que os outros fumam ou deixam de fumar. agora se eu ia gastar o meu dinheiro nisso? nop. quem quiser e tiver que gaste, sendo legal, 23% do que gastam vem para o Estado portuguÃªs, por isso ta-se bem. E para que Ã© que te estas a armar em medico? HÃ¡ muitas plantas por aÃ­ fora que tÃªm tantas vantagens como a cannabis e nÃ£o vejo ninguÃ©m a perder tempo a defender a Cavalinha porque Ã© diurÃ©tica e faz bem Ã  retenÃ§Ã£o de lÃ­quidos.
",
119175,*,"I feel safer knowing we have the strongest, most-funded military in the worldI'm pro-gun to a certain extent. I don't like assault rifles being in peoples' closets, but I find nothing wrong with sane people owning a shotgun, a pistol or hunting rifle for self-protection or hunting. I more supportive of the melting-pot assimilation into American culture kind of society, not encouraging folks to retain their own culture while in the states. While I am not against gay marriage, I don't believe you should force religious institutions to wed LGBT folks.I support a smaller, limited federal government, and more power and authority for states and counties. I'm heavily against illegal immigration, but very supportive of legal immigration. I myself am an immigrant from Lebanon, and find it ridiculously unfair that illegal immigrants are given many more privileges than I, from in-state tuition to jobs, to the ability to become citizens.
",
141070,0,"Info for Dr. Panda Art Class:Current price (USD): Free was $2.99 Developer: Dr. Panda Rating: 4.2/5 Installs: 50,000+ Size: 58M Last updated: April 25, 2017 Contains IAPs: No Short description: In Dr. Panda Art Class, thereâ€™s always something fun to make! Make your own kites and pinwheels and play with them when youâ€™re done. Start spinning that clay, and make a pot, vase, cup or whatever you can imagine. You can even use fruit and create your own little friends, exactly as you want!With Dr. Panda Art Class, you can learn and play! Let those creative juices flow and customize everything e... ***** If this deal has expired, please reply to this comment with ""expired"". ^^^Abuse ^^^will ^^^result ^^^in ^^^a ^^^ban.*****^^^[Source](https://github.com/a-ton/gpd-bot)^^^|^^^[Suggestions?](https://www.reddit.com/r/GPDBot/comments/7cyrfw)
",
174279,0,"Local PerspectiveMany Maryland watermen deny the crab crisis is Trumpâ€™s fault. Except it is. Empty bushel baskets at Russell Hall Seafood in Fishing Creek, Md. The company didnâ€™t get any seasonal worker visas to bring crab pickers from Mexico. (Petula Dvorak/The Washington Post)By Petula Dvorak Columnist May 7 at 3:19 PM Email the authorHOOPERS ISLAND, Md. â€” Thereâ€™s something new that has reached this desolate, weathered chain of Chesapeake Bay islands, and itâ€™s starting to choke the watermenâ€™s way of life.Itâ€™s fear.And that fear is endangering the centuries-old ecosystem around the crab business on these islands.Nearly half of the Eastern Shoreâ€™s crab houses have lost the temporary workers, mostly from Mexico, who come every season to pick crabs, the Baltimore Sun reported last week. The businesses couldnâ€™t get visas for the crab pickers because the Trump administration awarded them by lottery this year, instead of on a first-come, first-serve basis.Just one month into crabbing season, everyone here is feeling it. The guy who builds the crab pots, the bait fishermen, the crabbers, the crab house suppliers, the little roadside crab shack, the local general store, the watermanâ€™s wife who canâ€™t afford to stay home with the kids anymore â€” all of them are in trouble thanks to the fear of immigrants that helped elect President Trump and is now shaping the administrationâ€™s hard-line approach toward legal and illegal immigration. A boarded up home on the Chesapeake Bay on Hoopers Island. (Michael S. Williamson/The Washington Post)For the most part, though, the very folks in trouble on the Eastern Shore refuse to see the connection.â€œThere are different sides to it.â€â€œFinger-pointing wonâ€™t help.â€â€œImmigration has to be legal.â€â€œHeâ€™s the best president weâ€™ve had in a long time.â€Those are all things that residents of this enclave said when I asked them about the anti-immigration policies damaging their livelihoods.Hereâ€™s the problem. The administration isnâ€™t taking aim at just undocumented immigrants. The knee-jerk, simplistic, shut-it-down, build-that-wall approach to the complex issue of immigration is also affecting workers who have been legally coming to the United States and are an integral part of our economy.Harry Phillips, owner of Russell Hall Seafood, understands that. Like his neighbors, he voted for Trump and supports him. But he believes the president has been misinformed on the seasonal H-2B worker visas and would see the devastating results in one quick visit to the island.â€œWeâ€™re 15 minutes away from Washington by helicopter,â€ said Phillips, whose crab house was quiet Sunday morning, with empty bushel baskets stacked high because the crab pickers arenâ€™t coming. â€œThereâ€™s a landing pad for the helicopter, and we would welcome him here. If the president could just come and see whatâ€™s happening to American workers, he could see it right here, the effects of all this.â€Phillips is frustrated that his neighbors donâ€™t see the connection as clearly as he does.â€œPeople are disappointed,â€ he said. â€œThey donâ€™t want to blame him. But heâ€™s the man, the man in charge, and I think they just donâ€™t understand.â€[About 40 percent of Marylandâ€™s crab houses donâ€™t have pickers this season]The frenetic and unthinking clampdown on the seasonal visas has been disastrous for Marylandâ€™s fragile and beloved blue crab industry. These temporary workers were the key to survival for the crabbing industry in the lower Chesapeake region.Higher up on the bay are the fat No. 1 crabs, the blue big boys you get steamed and then bash with wooden hammers at crab feasts and at waterfront restaurants.That part of the crab industry is doing fine, thank you.But lower on the bay, where herons hang out alongside the roads and crabbers have pots piled high on their front yards, the catch is smaller crabs and females. These are the beauties used in those famous Maryland crab cakes.And for decades, Mexican workers have kept the industry here afloat by doing the picking.â€œWe depend on the Hispanics,â€ explained Phillips, who has been bringing Mexican workers to Dorchester County since 1992. â€œTheyâ€™re the ones keeping us in business. No American people are going to do this job. Weâ€™ve tried.â€The industry is choking without its temporary workforce.â€œWeâ€™ve never seen it like this,â€ said Denise Lewis, 44, from behind the counter at Hoopers Island General Store. â€œFor 25 years, Iâ€™ve been a watermanâ€™s wife. And this paid for our home. Our cars. Our kids. But heâ€™s not selling bait. And I had to find work.â€Her husband is a pound-netter. Heâ€™s the one who catches bait fish to sell to crabbers. But crabbers arenâ€™t buying, so heâ€™s not selling.Lewis found a job at the local general store. But that place is also hard-pressed to give her the hours she needs. Business has dropped because the watermen stopped coming in for sandwiches, slices of hummingbird cake, the odd wrench or crabbing boots.Drive down the long, thin island, and youâ€™re surrounded on both sides by water and crabbing. Marinas, boats, stacks of crab pots, woodcuts of blue crabs on mailboxes and front porches.The guy who makes and sells crab pots is also hurting. Bill Meredith, 58, was loading up a truckload of used pots he bought this weekend because the crab pot guy was selling them at a deep discount.â€œItâ€™s a risk. Because I donâ€™t know how many crabs Iâ€™m going to be able to sell,â€ said Meredith, who lives in Salisbury and crabs closer to Ocean City. â€œBut Iâ€™m just going to go ahead and keep crabbing. Hoping for the best. If you cut the pickers, you cut the business. But weâ€™re hoping some pickers come.â€[Maryland hoping for more worker visas, but itâ€™s still a gamble]Why does he think this is happening?â€œPolitics,â€ he said.But he doesnâ€™t blame Trump. Meredith voted for him, along with most residents of Dorchester County.â€œHeâ€™s the only one looking out for the small guy,â€ Meredith said.So who does he think is responsible for the crab picker crisis?â€œOh, thatâ€™s all the environmentalists,â€ he said. â€œThis is how they want it. The Chesapeake Bay Foundation did all of this. They want us to stop crabbing.â€I checked in with the foundation, which lobbies for the health and restoration of Americaâ€™s largest estuary.â€œWe are all about reducing pollution and restoring water quality,â€ said the foundationâ€™s spokesman, John Surrick. â€œWe have done no work on immigration or the H-2B visa status.â€So I asked Lewis, the friendly watermanâ€™s wife who works in the general store. She doesnâ€™t think Trump is to blame, either.â€œFinger-pointing isnâ€™t going to help,â€ she said. â€œItâ€™s really all of them in Washington on the immigration issue.â€Rep. Andy Harris (R- Md.) said the administration has agreed to approve 15,000 more visas this week. But Phillips said those will be lottery-based again.â€œIâ€m not a gambler. But now my business is based on a gamble,â€ Phillips said, sitting in his office at sunrise, out of habit. The dock outside his plant is empty. His trucks are lined up in the parking lot, idle. The blue herons arenâ€™t spooked in the quiet. They just look back at Phillips and his empty building.Twitter: @petulad
",
186819,0,"Its funny because it's the pot calling the kettle black. I'm trying to have a legitimate dialogue here and you losers won't shut the fuck up.
",
188357,0,"All typed up:#The Trade##Miami**Gives**- Hassan Whiteside @ 2yrs, $25.8m**Gets**- Carmelo Anthony @ 1yr, $27.9m##Washington**Gives**- Ian Mahinmi @ 2yrs, 15.9m- Marieff Morris @ 1yr, $8.6m**Gets**- Hassan Whiteside @ 2yrs, 25.8m- OKC 2018 2^nd Round Pick (53^rd overall)- OKC 2019 2^nd Round Pick- Cash Considerations##OKC**Gives**- Carmelo Anthony @ 1yr, $27.9m- OKC 2018 2^nd Round Pick (53^rd overall)- OKC 2019 2^nd Round Pick- Cash Considerations**Gets**- Ian Mahinmi @ 2yrs, 15.9m- Marieff Morris @ 1yr, $8.6m# Why do they do it?##Miami- Whiteside is not needed or wanted * Not needed: emergence of Adebayo and continuing to go small with Olynyk at center * Not wanted: Huge contract, regular and post-season performance not living up to it. Bad relationship with Coach and Locker room- Miami needs to clear up cap space with all of their current high earners (Tyler Johnson, Dion Waiters, James Johnson, etc., etc.)=> Carmelo Anthony deal expires after next season, so clears cap space for next season's free agenct (will need to re-sign Winslow)*Plus**If*â€”big ifâ€¦â€” they can get Melo locked in and focused, and accepting of a role within the offense, he can be a useful scoring option for them.##Washington**Current Bad Big Situation** * Wall + Wizards unhappy with current big men * Both have pretty bad contracts, especially Mahinmi * Wall and Gortat bad relationship * Need a better defensive presence in the paint=> Gamble on WhitesideWhile a similar plater to Gortat, if (another ifâ€¦) Wizards can get him locked in, he would be a great presence on the boards and in the paint, and the stating big man they are looking for*Plus*The picks and Cash Considerations sweeten the pot, and could potentially be used to flip Gortat for another asset.##OKC**Current Bad Melo Situation**- The Thunder were far better with Anthony off the court this regular and postseason- He has a huge salary- potentially bad locker room presence- Unhappy with his role, unwilling to accept bench role- Seems to blame everyone but himself (maybe a little harsh)=> Receive MorrisA decent starting piece who can plug in at the 4, or small ball 5, can score and defend fairly well (would be a very good piece to receive, considering what they are giving up)=> Receive MahinmiFills a need as backup center or could stretch contract to provide a bit more cap space# Why do they say no?##MiamiThis seems to be a good trade for them, but they could say no if:- They think they can make it work with Whiteside- Melo is deemed to be too bad of a presence in their team or will take away shots from their young guys##WashingtonThey are most likely to say no of all the teams, if:- They feel that Whiteside is not the sort of big man they want, and that they are giving up too much for what is a *big* gamble- Would rather play it safe than gamble on mixing it up- Want to keep most of their starting core together, and not give up Morris- Whiteside will make their locker room even worse, and they want a player who gives guaranteed effort every nightBut: They have a terrible GM, so likely they don't think too much about this stuff##OKCIf:- They feel they are better off just sticking it out for another year with Melo, who knows they could make it work (?), and they may prefer to accept this year as one they are not challenging and then have more cap space next year, (if they get Mahinmi, his contact is two years)- They think they are giving up too much for what they getback (Once Melo starts posting Hoodie workout vids)
",
266106,*,"> I've worked with way too many junior admins who get their feelings hurt when they're asked to research numerous options (usually a run of three), explain and defend each as opposed to just trusting ""best practice"".If this is a pot-shot at my flair, I had a kind of unique role and it's the closest fit (I worked for an MSP, primarily in a consulting position.) Based on my experience there, I would say that in the context of MSP work, >If they don't understand the ""facts"" then either you don't understand the big picture or you haven't done your job in educating them in the proposal process.is almost never the case -- the reason they contracted an MSP in the first place is to avoid doing exactly this! It seems like what happens really frequently in management of clients I worked with is that people would fight change, but also fight being explained options -- most frequently in sectors with government regulations (healthcare, financial). For MSP workers, it's not a matter of your environment, it's a matter of your clientele, and it's a poor choice to turn away money.
",
290198,0,"I'm not sure why you're so angry. I've already said I'm not a radical feminist, and so I know I don't fit in here. That's why I usually just lurk.I don't really know anything about the history of radical feminism, which is why I straight up asked ""is being gender critical a necessary part of radical feminism"" at the start of this string -- and still no one has answered me. I didn't know what ""gender critical"" was or meant until I came to this subreddit and found a bunch of people who were talking sanity and saying so many of the things that I knew/felt to be true. That's why I stuck around, even though the rad fem bits can be a bit much for me at times.Who gives a shit where else I post? I'm not talking about T_D or anything right wing here, am I? You're the one that brought it up. I'm here to talk about things like female erasure, science and biologic literacy, and SANITY ffs. There's really not anywhere else on reddit that talks about this stuff and the whole reason I'm making a fuss is that if this sub is going to eschew focusing on gender critical posts in favor of radical feminism, which I don't particularly care about, where else am I going to find sane people to listen to?My personal politics don't have anything to do with this conversation, but you became blinded with hatred the second you discovered I was a deplorable Trump supporter. So much for feminism... you have no trouble silencing other women if they don't agree with you politically -- not for saying anything political mind you, just for thinking differently and being in a different tribe. Nevermind that I haven't said a single political thing in this subreddit, even to defend against the claims you made in your last sentence (that's not why I'm here). You're just as bad as a man -- my opinion doesn't matter, and I should just shut up and go away because you know better. Some feminist you are.Maybe it makes you feel better to call me a troll and try to dismiss my feelings and my arguments because you don't agree with me politically, but that really just makes you a hypocrite. The fact is that calling this sub ""gender critical"" if it's not going to focus on gender critical posts is disingenuous. Pointing out joke subs like /r/superbowl, or subs with a history behind their unusual names like /r/marijuanaenthusiasts/ doesn't change that fact. This sub is no different than /r/TwoXChromosomes in that regard.All I want is for a sub called /r/gendercritical to continue to host gender critical content. There are other places I could go for radical feminist crap, if I cared to read or learn about it. There's no where else for GC.
",
307548,0,"Welcome to r/KikGroups!As this is your first post, we would just like to remind you to check the rules to ensure you do not break any and risk disciplinary action including ban. Many people neglect to read the rules, and as such, we are now informing our guests automatically to ensure everyone is given the opportunity to go back and read them.If you are on a computer browser, the rules are available in the sidebar to the right. For mobile users using a mobile browser, you may find the rules by clicking ""About this community"" to the top right of the main page of this subreddit.For those of you who wish to find the rules quicker, or cannot find them through the above means, a copy has been posted for your convenience: **[Click here to Read the Rules.](https://www.reddit.com/r/KikGroups/comments/5ecl7w/rules_and_guidelines_read_before_posting/)**After reading the rules, if you have neglected to include a decent title, direct link to a Kik code, or have realized that you can greatly improve your post, you may click ""Message the Moderators"" to request your post be removed so you may try once more. Be sure to message fast, however, as delaying might result in not being able to change your pot.Finally, while all our rules are important, most of our warnings and bans have been due to rules 4, 6, 9, and 10. We ask that you read those and their descriptions to ensure a pleasant and productive experience.Thanks again and enjoy your stay!Sincerely, The r/KikGroups Team___*I am a bot, and this action was performed automatically. Please [contact the moderators of this subreddit](/message/compose/?to=/r/KikGroups) if you have any questions or concerns.*
",
344875,0,"Funny story (that no one will see), my husband and I met at Chiliâ€™s. He was a server and I was a hostess. I gave him awful tables because he was always coming in late with bloodshot eyes, even after I saw his truck pull up. I was so naÃ¯ve at the time, that I didnâ€™t understand the side effects of smoking pot. Anyway, about 2 months later, I saw him getting dishes out of the back and his awesome biceps and half sleeve tattoo (you couldnâ€™t even get tattoos legally in my state at this point), and I remember thinking, â€œmy parents would hate this guy, but damn heâ€™s hotâ€. Apparently he thought I looked sweet and innocent and liked my, um, figure (my derriÃ¨re is large, and at the time I met him, I was working out constantly to make it smaller). Our first dates consisted of drinking after work...Presidentes were the best, especially with a shot of Chambord on the side! Long story short(er), we went on a couple of dates and fell in love *way* too quickly, and now, 14-15 years later, we still love to go in to Chiliâ€™s occasionally and order our old faves, tip the servers well, and reminisce over the original story. Itâ€™s not gourmet food, but man, we love that place.
",
507703,0,"My mom did that, too, but would never destroy the phone. I always just handed it to her without arguing, and then started deleting my important/secretive conversations right after they happened just in case she unlocked my phone when I was asleep. Eventually I got so upset at being punished because â€œomg this blog you follow posts photos of weed does that mean youâ€™re a druggie? oh this one posts porn so youâ€™re sexually active??? youâ€™re groundedâ€ that I literally started smoking weed and having sex because why not enjoy myself if Iâ€™m going to be punished for it anyway. Sheâ€™s a good mom. Sheâ€™s much more chill with my brother now, and to be fair, I _was_ a piece of shit to everyone in high school. But still, this kind of parenting sucks.
",
529464,0,"You can do it! Fellow high-achieving female in her 30s here. I got a PhD while being a daily smoker. I say that because I used to think I didn't count as a stoner as long as I was high-functioning. But it made everything worse, and harder, and no matter what I was telling myself, I was doing it because I was a person vulnerable to addiction - that's it. I stopped just before I turned 30, after smoking for my entire 20s. I was in love with weed, it was my light in the dark and got me through some real shit. It made sex better, it made any and all food amazing, some of the happiest moments of my life were spent high. But I still wish I'd never started.&#x200B;By the time I stopped, I was smoking maybe 8 joints a day. I started getting panic attacks, went blind a couple times, memory was shot to shit. Lost a relationship that I had become extremely codependent in at that time, so it totally traumatised me. I was under a lot of strain looking after a disabled relative and trying to save my fucked up family, again because I'm codependent (which I was only able to even see recently). Weed was the only idea I had to cope with anything, and it didn't do shit but make things worse. It had stopped feeling euphoric, like the cure-all it used to feel like. Instead I felt either numb, or like I was in a nightmare. I've recently learned that transition from feeling good to feeling nothing/like shit is because weed blunts your dopaminergic system, and that damage persists after you quit. So it literally stops you ever being able to feel good, on it or not, the longer you take it. So I am glad I at least stopped, and I'm hoping my brain recovers more with time. I feel btter than I did. Clearer, calmer, memory is better, I'm better at work. Able to actually work on improving myself, gaining emotional regulation tools.&#x200B;Wanting to stop is the BEST predictor of recovery from any addiction! So you sound very ready and if you just push through that first couple weeks you can start this whole other journey. The perspective you get looking back over your life on weed just isn't possible without kicking it - I am still learning about myself two years later. Shit I wouldn't have been able to see or address otherwise. It's huge. Best of luck, this subreddit is awesome - posting here really helps
",
531023,0,"Welcome to r/KikGroups!As this is your first post, we would just like to remind you to check the rules to ensure you do not break any and risk disciplinary action including ban. Many people neglect to read the rules, and as such, we are now informing our guests automatically to ensure everyone is given the opportunity to go back and read them.If you are on a computer browser, the rules are available in the sidebar to the right. For mobile users using a mobile browser, you may find the rules by clicking ""About this community"" to the top right of the main page of this subreddit.For those of you who wish to find the rules quicker, or cannot find them through the above means, a copy has been posted for your convenience: **[Click here to Read the Rules.](https://www.reddit.com/r/KikGroups/comments/5ecl7w/rules_and_guidelines_read_before_posting/)**After reading the rules, if you have neglected to include a decent title, direct link to a Kik code, or have realized that you can greatly improve your post, you may click ""Message the Moderators"" to request your post be removed so you may try once more. Be sure to message fast, however, as delaying might result in not being able to change your pot.Finally, while all our rules are important, most of our warnings and bans have been due to rules 4, 6, 9, and 10. We ask that you read those and their descriptions to ensure a pleasant and productive experience.Thanks again and enjoy your stay!Sincerely, The r/KikGroups Team___*I am a bot, and this action was performed automatically. Please [contact the moderators of this subreddit](/message/compose/?to=/r/KikGroups) if you have any questions or concerns.*
",
,,,
"NOTE: Posts marked with * would not have been picked up by the regex if non-alphanumeric variations were considered when testing the regex (as they will be during preprocessing), and therefore can be included or not in the averages. See below for averages calculated in the two alternative manners:",,,
,,,
Number of valid posts,Number of irrelevant posts,Yearly Average,Year
If we exclude * as invalid posts:,,,
98,11,0.887755102040816,2018
100,9,0.91,2013
99,6,0.939393939393939,2008
Total average:,,0.912457912457912,
If we include * posts as valid:,,,
100,13,0.87,2018
100,9,0.91,2013
100,7,0.93,2008
Total average:,,0.903333333333333,
